{"cameraMode":{"drawMode":0,"name":"Shaded","section":"Shading Mode"},"sceneLighting":false,"audioPlay":false,"sceneViewState":{"m_AlwaysRefresh":false,"showFog":true,"showSkybox":true,"showFlares":true,"showImageEffects":true,"showParticleSystems":true,"showVisualEffectGraphs":true,"m_FxEnabled":false},"in2DMode":false,"pivot":{"x":-17.115942001342775,"y":6.6416754722595219,"z":-3.7025296688079836},"rotation":{"x":0.22009825706481934,"y":0.17049075663089753,"z":-0.038825225085020068,"w":0.9600983262062073},"size":4.013530254364014,"orthographic":false}